{"accuracy": [0.6084501147270203, 0.8620669841766357, 0.915755033493042, 0.9399388432502747, 0.9545202255249023, 0.9658012390136719, 0.9714773297309875, 0.976100742816925, 0.9802262187004089, 0.9809232354164124], "loss": [1.3310679197311401, 0.433482825756073, 0.2585170269012451, 0.1827932745218277, 0.13976241648197174, 0.10381577163934708, 0.08454613387584686, 0.0740809440612793, 0.06319432705640793, 0.05767718330025673], "val_accuracy": [0.8313794732093811, 0.9054176807403564, 0.9347257018089294, 0.9371727705001831, 0.9400750994682312, 0.9459936022758484, 0.9594240784645081, 0.9681880474090576, 0.9622695446014404, 0.9685863852500916], "val_loss": [0.5359246134757996, 0.2887382507324219, 0.20273713767528534, 0.19581374526023865, 0.18885762989521027, 0.17426759004592896, 0.13004916906356812, 0.10334961116313934, 0.13122870028018951, 0.10892350971698761]}